Id,ActivityDate,TotalSteps,VeryActiveMinutes,FairlyActiveMinutes,LightlyActiveMinutes,SedentaryMinutes,Calories
1503960366,04-12-2016,13162,25,13,328,728,1985
1503960366,4/13/2016,10735,21,19,217,776,1797
1503960366,4/14/2016,10460,30,11,181,1218,1776
1503960366,4/15/2016,9762,29,34,209,726,1745
1503960366,4/16/2016,12669,36,10,221,773,1863
1503960366,4/17/2016,9705,38,20,164,539,1728
1503960366,4/18/2016,13019,42,16,233,1149,1921
1503960366,4/19/2016,15506,50,31,264,775,2035
1503960366,4/20/2016,10544,28,12,205,818,1786
1503960366,4/21/2016,9819,19,8,211,838,1775
1503960366,4/22/2016,12764,66,27,130,1217,1827
1503960366,4/23/2016,14371,41,21,262,732,1949
1503960366,4/24/2016,10039,39,5,238,709,1788
1503960366,4/25/2016,15355,73,14,216,814,2013
1503960366,4/26/2016,13755,31,23,279,833,1970
1503960366,4/27/2016,18134,78,11,243,1108,2159
1503960366,4/28/2016,13154,48,28,189,782,1898
1503960366,4/29/2016,11181,16,12,243,815,1837
1503960366,4/30/2016,14673,52,34,217,712,1947
1503960366,05-01-2016,10602,33,35,246,730,1820
1503960366,05-02-2016,14727,41,15,277,798,2004
1503960366,05-03-2016,15103,50,24,254,816,1990
1503960366,05-04-2016,11100,36,22,203,1179,1819
1503960366,05-05-2016,14070,45,24,250,857,1959
1503960366,05-06-2016,12159,24,6,289,754,1896
1503960366,05-07-2016,11992,37,46,175,833,1821
1503960366,05-08-2016,10060,44,8,203,574,1740
1503960366,05-09-2016,12022,46,11,206,835,1819
1503960366,05-10-2016,12207,46,31,214,746,1859
1503960366,05-11-2016,12770,36,23,251,669,1783
1503960366,05-12-2016,0,0,0,0,1440,0
1624580081,04-12-2016,8163,0,0,146,1294,1432
1624580081,4/13/2016,7007,0,0,148,1292,1411
1624580081,4/14/2016,9107,0,0,236,1204,1572
1624580081,4/15/2016,1510,0,0,96,1344,1344
1624580081,4/16/2016,5370,0,0,176,1264,1463
1624580081,4/17/2016,6175,15,22,127,1276,1554
1624580081,4/18/2016,10536,17,7,202,1214,1604
1624580081,4/19/2016,2916,0,0,141,1299,1435
1624580081,4/20/2016,4974,0,0,151,1289,1446
1624580081,4/21/2016,6349,0,0,186,1254,1467
1624580081,4/22/2016,4026,0,0,199,1241,1470
1624580081,4/23/2016,8538,0,0,227,1213,1562
1624580081,4/24/2016,6076,16,18,185,1221,1617
1624580081,4/25/2016,6497,0,0,202,1238,1492
1624580081,4/26/2016,2826,0,0,140,1300,1402
1624580081,4/27/2016,8367,17,36,154,1233,1670
1624580081,4/28/2016,2759,0,5,115,1320,1401
1624580081,4/29/2016,2390,0,0,150,1290,1404
1624580081,4/30/2016,6474,11,23,224,1182,1655
1624580081,05-01-2016,36019,186,63,171,1020,2690
1624580081,05-02-2016,7155,7,6,166,1261,1497
1624580081,05-03-2016,2100,0,0,96,1344,1334
1624580081,05-04-2016,2193,0,0,118,1322,1368
1624580081,05-05-2016,2470,0,0,117,1323,1370
1624580081,05-06-2016,1727,0,0,102,1338,1341
1624580081,05-07-2016,2104,0,0,182,1258,1474
1624580081,05-08-2016,3427,0,0,152,1288,1427
1624580081,05-09-2016,1732,0,0,91,1349,1328
1624580081,05-10-2016,2969,0,0,139,1301,1393
1624580081,05-11-2016,3134,0,0,112,1328,1359
1624580081,05-12-2016,2971,0,0,107,890,1002
1644430081,04-12-2016,10694,2,51,256,1131,3199
1644430081,4/13/2016,8001,30,16,135,1259,2902
1644430081,4/14/2016,11037,5,58,252,1125,3226
1644430081,4/15/2016,5263,3,4,170,1263,2750
1644430081,4/16/2016,15300,51,42,212,1135,3493
1644430081,4/17/2016,8757,29,13,186,1212,3011
1644430081,4/18/2016,7132,15,33,121,1271,2806
1644430081,4/19/2016,11256,5,58,278,1099,3300
1644430081,4/20/2016,2436,0,0,125,1315,2430
1644430081,4/21/2016,1223,0,0,38,1402,2140
1644430081,4/22/2016,3673,0,0,86,1354,2344
1644430081,4/23/2016,6637,0,15,160,1265,2677
1644430081,4/24/2016,3321,0,0,89,1351,2413
1644430081,4/25/2016,3580,8,1,94,1337,2497
1644430081,4/26/2016,9919,11,41,223,1165,3123
1644430081,4/27/2016,3032,0,0,118,1322,2489
1644430081,4/28/2016,9405,3,53,227,1157,3108
1644430081,4/29/2016,3176,0,0,120,1193,2498
1644430081,4/30/2016,18213,9,71,402,816,3846
1644430081,05-01-2016,6132,3,24,146,908,2696
1644430081,05-02-2016,3758,1,7,148,682,2580
1644430081,05-03-2016,12850,10,94,221,1115,3324
1644430081,05-04-2016,2309,0,0,52,1388,2222
1644430081,05-05-2016,4363,6,12,81,1341,2463
1644430081,05-06-2016,9787,11,6,369,1054,3328
1644430081,05-07-2016,13372,41,17,243,1139,3404
1644430081,05-08-2016,6724,0,0,295,991,2987
1644430081,05-09-2016,6643,32,6,303,1099,3008
1644430081,05-10-2016,9167,12,19,155,1254,2799
1644430081,05-11-2016,1329,0,0,49,713,1276
1844505072,04-12-2016,6697,0,0,339,1101,2030
1844505072,4/13/2016,4929,0,0,248,1192,1860
1844505072,4/14/2016,7937,0,0,373,843,2130
1844505072,4/15/2016,3844,0,0,176,527,1725
1844505072,4/16/2016,3414,0,0,147,1293,1657
1844505072,4/17/2016,4525,2,8,199,1231,1793
1844505072,4/18/2016,4597,0,12,217,1211,1814
1844505072,4/19/2016,197,0,0,10,1430,1366
1844505072,4/20/2016,8,0,0,1,1439,1349
1844505072,4/21/2016,8054,2,13,308,1117,2062
1844505072,4/22/2016,5372,0,0,220,1220,1827
1844505072,4/23/2016,3570,0,0,139,1301,1645
1844505072,4/24/2016,0,0,0,0,1440,1347
1844505072,4/25/2016,0,0,0,0,1440,1347
1844505072,4/26/2016,0,0,0,0,1440,1347
1844505072,4/27/2016,4,0,0,1,1439,1348
1844505072,4/28/2016,6907,0,0,302,1138,1992
1844505072,4/29/2016,4920,0,0,247,1082,1856
1844505072,4/30/2016,4014,0,0,184,218,1763
1844505072,05-01-2016,2573,0,7,75,585,1541
1844505072,05-02-2016,0,0,0,0,1440,1348
1844505072,05-03-2016,4059,0,0,184,1256,1742
1844505072,05-04-2016,2080,0,0,87,1353,1549
1844505072,05-05-2016,2237,0,0,120,1320,1589
1844505072,05-06-2016,44,0,0,2,1438,1351
1844505072,05-07-2016,0,0,0,0,1440,1347
1844505072,05-08-2016,0,0,0,0,1440,1347
1844505072,05-09-2016,0,0,0,0,1440,1347
1844505072,05-10-2016,0,0,0,0,1440,1347
1844505072,05-11-2016,0,0,0,0,1440,1347
1844505072,05-12-2016,0,0,0,0,711,665
1927972279,04-12-2016,678,0,0,55,734,2220
1927972279,4/13/2016,356,0,0,32,986,2151
1927972279,4/14/2016,2163,0,9,88,1292,2383
1927972279,4/15/2016,980,0,0,51,941,2221
1927972279,4/16/2016,0,0,0,0,1440,2064
1927972279,4/17/2016,0,0,0,0,1440,2063
1927972279,4/18/2016,244,0,0,17,1423,2111
1927972279,4/19/2016,0,0,0,0,1440,2063
1927972279,4/20/2016,0,0,0,0,1440,2063
1927972279,4/21/2016,0,0,0,0,1440,2064
1927972279,4/22/2016,149,0,0,10,1430,2093
1927972279,4/23/2016,2945,0,0,145,1295,2499
1927972279,4/24/2016,2090,1,6,75,1358,2324
1927972279,4/25/2016,152,0,0,12,1303,2100
1927972279,4/26/2016,3761,0,0,192,1058,2638
1927972279,4/27/2016,0,0,0,0,1440,2063
1927972279,4/28/2016,1675,0,0,95,1167,2351
1927972279,4/29/2016,0,0,0,0,1440,2063
1927972279,4/30/2016,0,0,0,0,1440,2064
1927972279,05-01-2016,2704,14,1,70,1355,2411
1927972279,05-02-2016,3790,16,8,94,1322,2505
1927972279,05-03-2016,1326,10,0,17,1413,2195
1927972279,05-04-2016,1786,0,0,87,1353,2338
1927972279,05-05-2016,0,0,0,0,1440,2063
1927972279,05-06-2016,2091,0,0,108,1332,2383
1927972279,05-07-2016,1510,0,0,48,1392,2229
1927972279,05-08-2016,0,0,0,0,1440,2063
1927972279,05-09-2016,0,0,0,0,1440,2063
1927972279,05-10-2016,0,0,0,0,1440,2063
1927972279,05-11-2016,0,0,0,0,1440,2063
1927972279,05-12-2016,0,0,0,0,966,1383
2022484408,04-12-2016,11875,42,14,227,1157,2390
2022484408,4/13/2016,12024,43,5,292,1100,2601
2022484408,4/14/2016,10690,32,3,257,1148,2312
2022484408,4/15/2016,11034,27,9,282,1122,2525
2022484408,4/16/2016,10100,41,11,151,1237,2177
2022484408,4/17/2016,15112,28,29,331,1052,2782
2022484408,4/18/2016,14131,48,3,311,1078,2770
2022484408,4/19/2016,11548,31,7,250,1152,2489
2022484408,4/20/2016,15112,48,63,276,1053,2897
2022484408,4/21/2016,12453,104,53,255,1028,3158
2022484408,4/22/2016,12954,52,10,273,1105,2638
2022484408,4/23/2016,6001,0,0,249,1191,2069
2022484408,4/24/2016,13481,37,26,216,1161,2529
2022484408,4/25/2016,11369,44,8,217,1171,2470
2022484408,4/26/2016,10119,55,24,275,1086,2793
2022484408,4/27/2016,10159,19,20,282,1119,2463
2022484408,4/28/2016,10140,6,20,291,1123,2296
2022484408,4/29/2016,10245,21,40,281,1098,2611
2022484408,4/30/2016,18387,13,23,361,1043,2732
2022484408,05-01-2016,10538,25,28,245,1142,2380
2022484408,05-02-2016,10379,36,8,277,1119,2473
2022484408,05-03-2016,12183,72,14,250,1104,2752
2022484408,05-04-2016,11768,36,27,272,1105,2649
2022484408,05-05-2016,11895,55,20,253,1112,2609
2022484408,05-06-2016,10227,24,17,295,1104,2498
2022484408,05-07-2016,6708,20,2,149,1269,1995
2022484408,05-08-2016,3292,0,0,135,1305,1848
2022484408,05-09-2016,13379,35,47,297,1061,2709
2022484408,05-10-2016,12798,57,28,271,1084,2797
2022484408,05-11-2016,13272,58,25,224,1133,2544
2022484408,05-12-2016,9117,16,16,236,728,1853
2026352035,04-12-2016,4414,3,8,181,706,1459
2026352035,4/13/2016,4993,0,0,238,663,1521
2026352035,4/14/2016,3335,0,0,197,653,1431
2026352035,4/15/2016,3821,0,0,188,687,1444
2026352035,4/16/2016,2547,0,0,150,728,1373
2026352035,4/17/2016,838,0,0,60,1053,1214
2026352035,4/18/2016,3325,0,0,182,1062,1419
2026352035,4/19/2016,2424,0,0,141,785,1356
2026352035,4/20/2016,7222,0,0,327,623,1667
2026352035,4/21/2016,2467,0,0,153,749,1370
2026352035,4/22/2016,2915,0,0,162,712,1399
2026352035,4/23/2016,12357,0,0,432,458,1916
2026352035,4/24/2016,3490,0,0,164,704,1401
2026352035,4/25/2016,6017,0,0,260,821,1576
2026352035,4/26/2016,5933,0,0,288,1018,1595
2026352035,4/27/2016,6088,0,0,286,586,1593
2026352035,4/28/2016,6375,0,0,331,626,1649
2026352035,4/29/2016,7604,0,0,352,492,1692
2026352035,4/30/2016,4729,0,0,233,594,1506
2026352035,05-01-2016,3609,0,0,191,716,1447
2026352035,05-02-2016,7018,0,0,355,716,1690
2026352035,05-03-2016,5992,0,0,304,981,1604
2026352035,05-04-2016,6564,0,0,345,530,1658
2026352035,05-05-2016,12167,0,0,475,479,1926
2026352035,05-06-2016,8198,0,0,383,511,1736
2026352035,05-07-2016,4193,0,0,229,665,1491
2026352035,05-08-2016,5528,0,0,258,610,1555
2026352035,05-09-2016,10685,0,0,401,543,1869
2026352035,05-10-2016,254,0,0,17,1002,1141
2026352035,05-11-2016,8580,0,0,330,569,1698
2026352035,05-12-2016,8891,0,0,343,330,1364
2320127002,04-12-2016,10725,13,9,306,1112,2124
2320127002,4/13/2016,7275,0,0,335,1105,2003
2320127002,4/14/2016,3973,0,0,191,1249,1696
2320127002,4/15/2016,5205,0,0,245,1195,1801
2320127002,4/16/2016,5057,0,0,195,1245,1724
2320127002,4/17/2016,6198,0,0,249,1191,1852
2320127002,4/18/2016,6559,0,7,260,1173,1905
2320127002,4/19/2016,5997,0,11,228,1201,1811
2320127002,4/20/2016,7192,0,11,283,1146,1922
2320127002,4/21/2016,3404,1,10,127,1302,1610
2320127002,4/22/2016,5583,0,0,266,1174,1851
2320127002,4/23/2016,5079,0,0,242,1129,1804
2320127002,4/24/2016,4165,0,0,204,1236,1725
2320127002,4/25/2016,3588,3,5,152,1280,1654
2320127002,4/26/2016,3409,0,0,147,1293,1632
2320127002,4/27/2016,1715,0,0,82,1358,1481
2320127002,4/28/2016,1532,0,0,76,1364,1473
2320127002,4/29/2016,924,0,0,45,1395,1410
2320127002,4/30/2016,4571,0,0,234,1206,1779
2320127002,05-01-2016,772,0,0,40,1400,1403
2320127002,05-02-2016,3634,5,6,123,1306,1613
2320127002,05-03-2016,7443,20,10,206,1204,1878
2320127002,05-04-2016,1201,0,0,52,1388,1426
2320127002,05-05-2016,5202,0,11,223,1206,1780
2320127002,05-06-2016,4878,0,0,204,1236,1742
2320127002,05-07-2016,7379,0,0,319,1121,1972
2320127002,05-08-2016,5161,0,0,247,1193,1821
2320127002,05-09-2016,3090,0,0,145,1295,1630
2320127002,05-10-2016,6227,0,0,290,1150,1899
2320127002,05-11-2016,6424,0,0,300,1140,1903
2320127002,05-12-2016,2661,0,0,128,830,1125
2347167796,04-12-2016,10113,28,13,320,964,2344
2347167796,4/13/2016,10352,19,32,195,676,2038
2347167796,4/14/2016,10129,1,48,206,705,2010
2347167796,4/15/2016,10465,1,24,284,720,2133
2347167796,4/16/2016,22244,66,72,268,968,2670
2347167796,4/17/2016,5472,1,7,249,508,1882
2347167796,4/18/2016,8247,11,16,206,678,1944
2347167796,4/19/2016,6711,0,7,382,648,2346
2347167796,4/20/2016,10999,11,43,269,1011,2198
2347167796,4/21/2016,10080,23,26,208,761,2048
2347167796,4/22/2016,7804,9,27,206,781,1946
2347167796,4/23/2016,16901,32,35,360,591,2629
2347167796,4/24/2016,9471,0,0,360,584,2187
2347167796,4/25/2016,9482,15,11,277,653,2095
2347167796,4/26/2016,5980,0,0,227,732,1861
2347167796,4/27/2016,11423,26,9,295,623,2194
2347167796,4/28/2016,5439,0,0,229,764,1854
2347167796,4/29/2016,42,0,0,4,2,403
2873212765,04-12-2016,8796,2,21,356,1061,1982
2873212765,4/13/2016,7618,0,8,404,1028,2004
2873212765,4/14/2016,7910,0,0,331,1109,1893
2873212765,4/15/2016,8482,0,0,448,992,2063
2873212765,4/16/2016,9685,47,1,305,1087,2148
2873212765,4/17/2016,2524,0,8,160,1272,1529
2873212765,4/18/2016,7762,1,6,311,1122,1890
2873212765,4/19/2016,7948,0,0,389,1051,1956
2873212765,4/20/2016,9202,22,5,378,1035,2094
2873212765,4/21/2016,8859,2,10,371,1057,1970
2873212765,4/22/2016,7286,46,0,366,1028,2241
2873212765,4/23/2016,9317,28,5,330,1077,2021
2873212765,4/24/2016,6873,46,1,190,1203,1898
2873212765,4/25/2016,7373,0,0,359,1081,1907
2873212765,4/26/2016,8242,2,5,309,1124,1882
2873212765,4/27/2016,3516,46,0,197,1197,1966
2873212765,4/28/2016,7913,28,7,213,1192,1835
2873212765,4/29/2016,7365,20,23,206,1191,1780
2873212765,4/30/2016,8452,5,20,248,1167,1830
2873212765,05-01-2016,7399,7,18,196,1219,1739
2873212765,05-02-2016,7525,0,7,334,1099,1878
2873212765,05-03-2016,7412,1,6,363,1070,1906
2873212765,05-04-2016,8278,0,0,420,1020,2015
2873212765,05-05-2016,8314,13,23,311,1093,1971
2873212765,05-06-2016,7063,0,5,370,1065,1910
2873212765,05-07-2016,4940,75,11,52,1302,1897
2873212765,05-08-2016,8168,46,0,326,1068,2096
2873212765,05-09-2016,7726,0,0,345,1095,1906
2873212765,05-10-2016,8275,0,0,373,1067,1962
2873212765,05-11-2016,6440,0,0,319,1121,1826
2873212765,05-12-2016,7566,0,0,268,720,1431
3372868164,04-12-2016,4747,0,0,280,1160,1788
3372868164,4/13/2016,9715,16,8,371,1045,2093
3372868164,4/14/2016,8844,6,25,370,1039,2065
3372868164,4/15/2016,7451,0,0,335,1105,1908
3372868164,4/16/2016,6905,0,0,356,1084,1908
3372868164,4/17/2016,8199,11,2,322,1105,1964
3372868164,4/18/2016,6798,20,7,343,1070,2014
3372868164,4/19/2016,7711,0,0,376,1064,1985
3372868164,4/20/2016,4880,15,3,274,1148,1867
3372868164,4/21/2016,8857,18,9,376,1037,2124
3372868164,4/22/2016,3843,0,0,206,1234,1669
3372868164,4/23/2016,7396,20,2,303,1115,1995
3372868164,4/24/2016,6731,14,7,292,1127,1921
3372868164,4/25/2016,5995,0,0,416,1024,2010
3372868164,4/26/2016,8283,22,2,333,1083,2057
3372868164,4/27/2016,7904,24,13,346,1057,2095
3372868164,4/28/2016,5512,0,0,385,1055,1972
3372868164,4/29/2016,9135,0,0,402,1038,2044
3372868164,4/30/2016,5250,17,4,300,1119,1946
3372868164,05-01-2016,3077,0,0,172,842,1237
3977333714,04-12-2016,8856,44,19,131,777,1450
3977333714,4/13/2016,10035,31,46,153,754,1495
3977333714,4/14/2016,7641,5,23,214,801,1433
3977333714,4/15/2016,9010,15,42,183,644,1468
3977333714,4/16/2016,13459,31,83,153,663,1625
3977333714,4/17/2016,10415,11,58,205,600,1529
3977333714,4/18/2016,11663,4,95,214,605,1584
3977333714,4/19/2016,12414,19,67,221,738,1638
3977333714,4/20/2016,11658,2,98,164,845,1554
3977333714,4/21/2016,6093,0,0,242,712,1397
3977333714,4/22/2016,8911,33,12,188,731,1481
3977333714,4/23/2016,12058,0,92,252,724,1638
3977333714,4/24/2016,14112,30,95,129,660,1655
3977333714,4/25/2016,11177,50,9,133,781,1570
3977333714,4/26/2016,11388,7,95,170,797,1551
3977333714,4/27/2016,7193,0,10,176,714,1377
3977333714,4/28/2016,7114,15,8,190,804,1407
3977333714,4/29/2016,10645,36,32,150,744,1545
3977333714,4/30/2016,13238,43,52,194,687,1650
3977333714,05-01-2016,10414,41,40,124,691,1501
3977333714,05-02-2016,16520,24,143,176,713,1760
3977333714,05-03-2016,14335,47,41,258,594,1710
3977333714,05-04-2016,13559,14,96,142,852,1628
3977333714,05-05-2016,12312,14,88,178,680,1618
3977333714,05-06-2016,11677,29,55,168,676,1590
3977333714,05-07-2016,11550,0,86,208,703,1574
3977333714,05-08-2016,13585,9,116,171,688,1633
3977333714,05-09-2016,14687,8,122,151,1159,1667
3977333714,05-10-2016,13072,1,115,196,676,1630
3977333714,05-11-2016,746,4,0,9,13,52
4020332650,04-12-2016,8539,4,15,331,712,3654
4020332650,4/13/2016,0,0,0,0,1440,1981
4020332650,4/14/2016,108,0,0,3,1437,2011
4020332650,4/15/2016,1882,36,18,87,1299,2951
4020332650,4/16/2016,1982,65,21,55,1222,3051
4020332650,4/17/2016,16,0,0,2,1438,1990
4020332650,4/18/2016,62,0,0,2,1438,1995
4020332650,4/19/2016,0,0,0,0,1440,1980
4020332650,4/20/2016,0,0,0,0,1440,1980
4020332650,4/21/2016,0,0,0,0,1440,1980
4020332650,4/22/2016,0,0,0,0,1440,1980
4020332650,4/23/2016,0,0,0,0,1440,1980
4020332650,4/24/2016,0,0,0,0,1440,1980
4020332650,4/25/2016,0,0,0,0,1440,1980
4020332650,4/26/2016,0,0,0,0,1440,1980
4020332650,4/27/2016,0,0,0,0,1440,1980
4020332650,4/28/2016,0,0,0,0,1440,1980
4020332650,4/29/2016,0,0,0,0,1440,1980
4020332650,4/30/2016,0,0,0,0,1440,1980
4020332650,05-01-2016,0,0,0,0,1440,1980
4020332650,05-02-2016,475,0,11,31,1350,2207
4020332650,05-03-2016,4496,0,0,174,950,2828
4020332650,05-04-2016,10252,13,46,346,531,3879
4020332650,05-05-2016,11728,38,42,196,916,3429
4020332650,05-06-2016,4369,0,0,177,855,2704
4020332650,05-07-2016,6132,0,0,184,1256,2975
4020332650,05-08-2016,5862,0,0,263,775,3089
4020332650,05-09-2016,4556,3,5,173,1225,2785
4020332650,05-10-2016,5546,0,0,206,774,2926
4020332650,05-11-2016,3689,2,8,134,1296,2645
4020332650,05-12-2016,590,0,0,21,721,1120
4057192912,04-12-2016,5394,0,0,164,1276,2286
4057192912,4/13/2016,5974,0,0,160,1280,2306
4057192912,4/14/2016,0,0,0,0,1440,1776
4057192912,4/15/2016,3984,3,6,88,873,1527
4319703577,04-12-2016,7753,0,0,0,1440,2115
4319703577,4/13/2016,8204,8,15,96,1234,2135
4319703577,4/14/2016,10210,1,9,339,589,2302
4319703577,4/15/2016,5664,0,0,228,752,1985
4319703577,4/16/2016,4744,0,0,194,724,1884
4319703577,4/17/2016,29,0,0,3,1363,1464
4319703577,4/18/2016,2276,1,9,58,824,1632
4319703577,4/19/2016,8925,0,0,311,604,2200
4319703577,4/20/2016,8954,0,18,306,671,2220
4319703577,4/21/2016,3702,0,0,34,1265,1792
4319703577,4/22/2016,4500,1,19,176,709,1886
4319703577,4/23/2016,4935,0,0,233,546,1945
4319703577,4/24/2016,4081,1,5,191,692,1880
4319703577,4/25/2016,9259,0,8,390,544,2314
4319703577,4/26/2016,9899,8,21,288,649,2236
4319703577,4/27/2016,10780,6,47,300,680,2324
4319703577,4/28/2016,10817,13,8,359,552,2367
4319703577,4/29/2016,7990,6,18,289,624,2175
4319703577,4/30/2016,8221,6,38,196,695,2092
4319703577,05-01-2016,1251,0,0,67,836,1593
4319703577,05-02-2016,9261,0,11,344,585,2270
4319703577,05-03-2016,9648,8,26,287,669,2235
4319703577,05-04-2016,10429,8,13,313,1106,2282
4319703577,05-05-2016,13658,27,34,328,957,2530
4319703577,05-06-2016,9524,6,11,314,692,2266
4319703577,05-07-2016,7937,3,28,279,586,2158
4319703577,05-08-2016,3672,0,0,153,603,1792
4319703577,05-09-2016,10378,2,14,374,490,2345
4319703577,05-10-2016,9487,3,12,329,555,2260
4319703577,05-11-2016,9129,3,18,311,574,2232
4319703577,05-12-2016,17,0,0,2,0,257
4388161847,04-12-2016,10122,0,0,0,1440,2955
4388161847,4/13/2016,10993,1,14,150,1275,3092
4388161847,4/14/2016,8863,10,35,219,945,2998
4388161847,4/15/2016,8758,0,0,299,837,3066
4388161847,4/16/2016,6580,6,9,253,609,3073
4388161847,4/17/2016,4660,0,0,201,721,2572
4388161847,4/18/2016,11009,27,8,239,1017,3274
4388161847,4/19/2016,10181,20,16,249,704,3015
4388161847,4/20/2016,10553,19,42,228,696,3083
4388161847,4/21/2016,10055,7,12,272,853,3069
4388161847,4/22/2016,12139,77,25,220,945,3544
4388161847,4/23/2016,13236,58,5,215,749,3306
4388161847,4/24/2016,10243,14,8,239,584,2885
4388161847,4/25/2016,12961,11,31,301,1054,3288
4388161847,4/26/2016,9461,14,23,224,673,2929
4388161847,4/27/2016,11193,11,48,241,684,3074
4388161847,4/28/2016,10074,19,9,234,878,2969
4388161847,4/29/2016,9232,13,16,236,1175,2979
4388161847,4/30/2016,12533,14,43,300,537,3283
4388161847,05-01-2016,10255,12,15,241,579,2926
4388161847,05-02-2016,10096,33,4,204,935,3147
4388161847,05-03-2016,12727,18,18,306,984,3290
4388161847,05-04-2016,12375,35,21,251,632,3162
4388161847,05-05-2016,9603,12,39,199,896,2899
4388161847,05-06-2016,13175,33,45,262,1100,3425
4388161847,05-07-2016,22770,120,56,260,508,4022
4388161847,05-08-2016,17298,107,38,178,576,3934
4388161847,05-09-2016,10218,6,19,258,1020,3013
4388161847,05-10-2016,10299,13,14,267,648,3061
4388161847,05-11-2016,10201,8,18,256,858,2954
4388161847,05-12-2016,3369,0,0,108,825,1623
4445114986,04-12-2016,3276,0,0,196,787,2113
4445114986,4/13/2016,2961,0,0,194,840,2095
4445114986,4/14/2016,3974,0,0,231,717,2194
4445114986,4/15/2016,7198,0,0,350,711,2496
4445114986,4/16/2016,3945,0,0,225,716,2180
4445114986,4/17/2016,2268,0,0,114,1219,1933
4445114986,4/18/2016,6155,25,6,162,1247,2248
4445114986,4/19/2016,2064,0,0,121,895,1954
4445114986,4/20/2016,2072,0,0,137,841,1974
4445114986,4/21/2016,3809,0,0,215,756,2150
4445114986,4/22/2016,6831,0,0,317,706,2432
4445114986,4/23/2016,4363,0,0,201,1239,2149
4445114986,4/24/2016,5002,0,0,244,1196,2247
4445114986,4/25/2016,3385,0,0,179,916,2070
4445114986,4/26/2016,6326,29,1,180,839,2291
4445114986,4/27/2016,7243,32,1,194,839,2361
4445114986,4/28/2016,4493,0,0,236,762,2203
4445114986,4/29/2016,4676,0,0,226,1106,2196
4445114986,4/30/2016,6222,0,0,290,797,2363
4445114986,05-01-2016,5232,0,0,240,741,2246
4445114986,05-02-2016,6910,27,4,200,667,2336
4445114986,05-03-2016,7502,30,2,233,725,2421
4445114986,05-04-2016,2923,0,0,180,897,2070
4445114986,05-05-2016,3800,2,6,185,734,2120
4445114986,05-06-2016,4514,0,0,229,809,2211
4445114986,05-07-2016,5183,26,4,108,866,2123
4445114986,05-08-2016,7303,0,8,308,733,2423
4445114986,05-09-2016,5275,0,0,266,641,2281
4445114986,05-10-2016,3915,0,0,231,783,2181
4445114986,05-11-2016,9105,34,22,232,622,2499
4445114986,05-12-2016,768,0,0,58,380,1212
4558609924,04-12-2016,5135,0,0,318,1122,1909
4558609924,4/13/2016,4978,19,7,127,1287,1722
4558609924,4/14/2016,6799,0,0,279,1161,1922
4558609924,4/15/2016,7795,17,30,262,1131,2121
4558609924,4/16/2016,7289,8,12,308,1112,1997
4558609924,4/17/2016,9634,7,19,304,1110,2117
4558609924,4/18/2016,8940,14,15,331,1080,2116
4558609924,4/19/2016,5401,1,9,248,1182,1876
4558609924,4/20/2016,4803,0,0,222,1218,1788
4558609924,4/21/2016,13743,6,21,432,844,2486
4558609924,4/22/2016,9601,20,25,273,1122,2094
4558609924,4/23/2016,6890,5,5,308,1122,2085
4558609924,4/24/2016,8563,0,0,395,1045,2173
4558609924,4/25/2016,8095,18,10,340,993,2225
4558609924,4/26/2016,9148,12,41,283,1062,2223
4558609924,4/27/2016,9557,27,14,312,1087,2098
4558609924,4/28/2016,9451,1,11,367,985,2185
4558609924,4/29/2016,7833,15,29,197,1096,1918
4558609924,4/30/2016,10319,7,29,293,1111,2105
4558609924,05-01-2016,3428,0,0,190,1121,1692
4558609924,05-02-2016,7891,0,0,383,1057,2066
4558609924,05-03-2016,5267,21,10,237,1172,1953
4558609924,05-04-2016,5232,0,0,252,1188,1842
4558609924,05-05-2016,10611,14,8,370,1048,2262
4558609924,05-06-2016,3755,0,0,202,1238,1722
4558609924,05-07-2016,8237,23,16,233,1116,1973
4558609924,05-08-2016,6543,66,35,238,1019,2666
4558609924,05-09-2016,11451,6,30,339,1065,2223
4558609924,05-10-2016,6435,11,18,220,1191,1889
4558609924,05-11-2016,9108,4,31,324,1081,2131
4558609924,05-12-2016,6307,0,0,247,736,1452
4702921684,04-12-2016,7213,0,0,263,718,2947
4702921684,4/13/2016,6877,0,0,258,777,2898
4702921684,4/14/2016,7860,0,0,271,772,2984
4702921684,4/15/2016,6506,1,8,256,944,2896
4702921684,4/16/2016,11140,3,24,335,556,3328
4702921684,4/17/2016,12692,12,66,302,437,3394
4702921684,4/18/2016,9105,22,30,191,890,3013
4702921684,4/19/2016,6708,10,8,179,757,2812
4702921684,4/20/2016,8793,2,29,260,717,3061
4702921684,4/21/2016,6530,4,41,144,901,2729
4702921684,4/22/2016,1664,0,0,72,1341,2241
4702921684,4/23/2016,15126,9,66,408,469,3691
4702921684,4/24/2016,15050,15,95,281,542,3538
4702921684,4/25/2016,9167,6,15,270,730,3064
4702921684,4/26/2016,6108,1,8,216,765,2784
4702921684,4/27/2016,7047,1,16,238,733,2908
4702921684,4/28/2016,9023,14,9,232,738,3033
4702921684,4/29/2016,9930,12,19,267,692,3165
4702921684,4/30/2016,10144,4,36,263,728,3115
4702921684,05-01-2016,0,0,0,0,1440,2017
4702921684,05-02-2016,7245,5,40,195,1131,2859
4702921684,05-03-2016,9454,0,0,313,729,3145
4702921684,05-04-2016,8161,4,15,251,757,3004
4702921684,05-05-2016,8614,8,5,241,745,3006
4702921684,05-06-2016,6943,1,16,207,682,2859
4702921684,05-07-2016,14370,5,46,439,577,3683
4702921684,05-08-2016,12857,9,125,192,1019,3287
4702921684,05-09-2016,8232,0,12,253,746,2990
4702921684,05-10-2016,10613,1,37,262,701,3172
4702921684,05-11-2016,9810,10,41,235,784,3069
4702921684,05-12-2016,2752,0,0,68,241,1240
5553957443,04-12-2016,11596,19,13,277,767,2026
5553957443,4/13/2016,4832,0,0,226,647,1718
5553957443,4/14/2016,17022,61,41,256,693,2324
5553957443,4/15/2016,16556,58,38,239,689,2254
5553957443,4/16/2016,5771,0,0,288,521,1831
5553957443,4/17/2016,655,0,0,46,943,1397
5553957443,4/18/2016,3727,0,0,206,622,1683
5553957443,4/19/2016,15482,69,28,249,756,2284
5553957443,4/20/2016,2713,0,0,148,598,1570
5553957443,4/21/2016,12346,47,42,177,801,2066
5553957443,4/22/2016,11682,25,16,270,781,2105
5553957443,4/23/2016,4112,0,0,272,443,1776
5553957443,4/24/2016,1807,0,0,104,582,1507
5553957443,4/25/2016,10946,51,11,201,732,2033
5553957443,4/26/2016,11886,40,18,238,750,2093
5553957443,4/27/2016,10538,16,16,206,745,1922
5553957443,4/28/2016,11393,49,13,165,727,1999
5553957443,4/29/2016,12764,46,15,270,709,2169
5553957443,4/30/2016,1202,0,0,84,506,1463
5553957443,05-01-2016,5164,0,0,237,436,1747
5553957443,05-02-2016,9769,23,9,227,724,1996
5553957443,05-03-2016,12848,26,29,247,812,2116
5553957443,05-04-2016,4249,0,0,224,651,1698
5553957443,05-05-2016,14331,44,29,241,692,2156
5553957443,05-06-2016,9632,21,9,229,761,1916
5553957443,05-07-2016,1868,0,0,96,902,1494
5553957443,05-08-2016,6083,3,8,210,505,1762
5553957443,05-09-2016,11611,59,22,251,667,2272
5553957443,05-10-2016,16358,61,40,265,707,2335
5553957443,05-11-2016,4926,0,0,195,628,1693
5553957443,05-12-2016,3121,8,6,48,222,741
5577150313,04-12-2016,8135,86,16,140,728,3405
5577150313,4/13/2016,5077,15,11,144,776,2551
5577150313,4/14/2016,8596,118,30,176,662,4022
5577150313,4/15/2016,12087,115,54,199,695,4005
5577150313,4/16/2016,14269,184,56,158,472,4274
5577150313,4/17/2016,12231,200,37,159,525,4552
5577150313,4/18/2016,9893,114,32,130,623,3625
5577150313,4/19/2016,12574,108,23,111,733,3501
5577150313,4/20/2016,8330,87,16,113,773,3192
5577150313,4/21/2016,10830,110,74,175,670,4018
5577150313,4/22/2016,9172,62,30,200,823,3329
5577150313,4/23/2016,7638,24,24,223,627,3152
5577150313,4/24/2016,15764,210,65,141,425,4392
5577150313,4/25/2016,6393,61,38,214,743,3374
5577150313,4/26/2016,5325,38,32,181,759,3088
5577150313,4/27/2016,6805,63,16,190,773,3294
5577150313,4/28/2016,9841,99,51,141,692,3580
5577150313,4/29/2016,7924,97,36,165,739,3544
5577150313,4/30/2016,12363,207,45,163,621,4501
5577150313,05-01-2016,13368,194,72,178,499,4546
5577150313,05-02-2016,7439,37,20,235,732,3014
5577150313,05-03-2016,11045,97,8,212,580,3795
5577150313,05-04-2016,5206,25,9,141,631,2755
5577150313,05-05-2016,7550,45,21,143,1153,3004
5577150313,05-06-2016,4950,41,16,79,1304,2643
5577150313,05-07-2016,0,0,0,0,1440,1819
5577150313,05-08-2016,0,0,0,0,1440,1819
5577150313,05-09-2016,3421,34,11,70,1099,2489
5577150313,05-10-2016,8869,104,37,194,639,3841
5577150313,05-11-2016,4038,45,15,63,257,1665
6117666160,04-12-2016,0,0,0,0,1440,1496
6117666160,4/13/2016,0,0,0,0,1440,1496
6117666160,4/14/2016,0,0,0,0,1440,1496
6117666160,4/15/2016,14019,0,6,513,921,2865
6117666160,4/16/2016,14450,7,15,518,502,2828
6117666160,4/17/2016,7150,0,0,312,702,2225
6117666160,4/18/2016,5153,0,0,241,759,2018
6117666160,4/19/2016,11135,0,0,480,425,2606
6117666160,4/20/2016,10449,26,10,349,587,2536
6117666160,4/21/2016,19542,11,19,294,579,4900
6117666160,4/22/2016,8206,0,0,402,413,2409
6117666160,4/23/2016,11495,0,0,512,468,2651
6117666160,4/24/2016,7623,0,0,362,711,2305
6117666160,4/25/2016,0,0,0,0,1440,1497
6117666160,4/26/2016,9543,0,7,352,1077,2450
6117666160,4/27/2016,9411,0,0,458,417,2576
6117666160,4/28/2016,3403,0,0,141,758,1879
6117666160,4/29/2016,9592,0,0,461,479,2560
6117666160,4/30/2016,6987,0,0,343,1040,2275
6117666160,05-01-2016,8915,0,0,397,525,2361
6117666160,05-02-2016,4933,0,0,236,1204,2044
6117666160,05-03-2016,0,0,0,0,1440,1496
6117666160,05-04-2016,2997,0,0,156,1279,1902
6117666160,05-05-2016,9799,0,0,487,479,2636
6117666160,05-06-2016,3365,0,0,133,673,1838
6117666160,05-07-2016,7336,0,0,412,456,2469
6117666160,05-08-2016,7328,0,0,318,517,2250
6117666160,05-09-2016,4477,0,0,197,125,1248
6290855005,04-12-2016,4562,0,0,199,1241,2560
6290855005,4/13/2016,7142,0,0,350,1090,2905
6290855005,4/14/2016,7671,0,0,363,1077,2952
6290855005,4/15/2016,9501,0,0,328,1112,2896
6290855005,4/16/2016,8301,0,0,258,1182,2783
6290855005,4/17/2016,7851,31,12,225,1172,3171
6290855005,4/18/2016,6885,0,0,271,1169,2766
6290855005,4/19/2016,7142,0,0,321,1119,2839
6290855005,4/20/2016,6361,0,0,258,1182,2701
6290855005,4/21/2016,0,0,0,0,1440,2060
6290855005,4/22/2016,6238,0,0,302,1138,2796
6290855005,4/23/2016,0,33,0,0,1407,2664
6290855005,4/24/2016,5896,0,0,258,1182,2703
6290855005,4/25/2016,7802,8,3,249,1180,2771
6290855005,4/26/2016,0,0,0,0,1440,2060
6290855005,4/27/2016,5565,0,0,287,1153,2743
6290855005,4/28/2016,5731,0,0,255,1185,2687
6290855005,4/29/2016,0,0,0,0,1440,2060
6290855005,4/30/2016,6744,0,0,324,1116,2843
6290855005,05-01-2016,9837,8,95,282,1055,3327
6290855005,05-02-2016,6781,0,0,268,1172,2725
6290855005,05-03-2016,6047,0,0,240,1200,2671
6290855005,05-04-2016,5832,0,0,272,1168,2718
6290855005,05-05-2016,6339,0,0,239,1201,2682
6290855005,05-06-2016,6116,0,0,305,1135,2806
6290855005,05-07-2016,5510,0,0,227,1213,2613
6290855005,05-08-2016,7706,0,0,251,1189,2712
6290855005,05-09-2016,6277,0,0,264,800,2175
6290855005,05-10-2016,0,0,0,0,1440,0
6775888955,04-12-2016,0,0,0,0,1440,1841
6775888955,4/13/2016,4053,17,18,85,1053,2400
6775888955,4/14/2016,5162,14,24,105,863,2507
6775888955,4/15/2016,1282,0,0,58,976,2127
6775888955,4/16/2016,4732,36,18,9,1377,2225
6775888955,4/17/2016,2497,5,24,19,1392,2067
6775888955,4/18/2016,8294,30,31,146,1233,2798
6775888955,4/19/2016,0,0,0,0,1440,1841
6775888955,4/20/2016,10771,70,113,178,1079,3727
6775888955,4/21/2016,0,0,0,0,1440,1841
6775888955,4/22/2016,637,0,0,20,1420,1922
6775888955,4/23/2016,0,0,0,0,1440,1841
6775888955,4/24/2016,2153,11,18,11,1400,2053
6775888955,4/25/2016,6474,33,13,92,1302,2484
6775888955,4/26/2016,7091,42,30,47,1321,2584
6775888955,4/27/2016,0,0,0,0,1440,1841
6775888955,4/28/2016,703,2,13,15,1410,1993
6775888955,4/29/2016,0,0,0,0,1440,1841
6775888955,4/30/2016,2503,3,9,84,1344,2280
6775888955,05-01-2016,2487,9,34,50,1347,2319
6775888955,05-02-2016,0,0,0,0,1440,1841
6775888955,05-03-2016,9,0,0,1,1439,1843
6775888955,05-04-2016,0,0,0,0,1440,1841
6775888955,05-05-2016,0,0,0,0,1440,1841
6775888955,05-06-2016,4697,12,35,75,1318,2496
6775888955,05-07-2016,1967,2,5,49,551,1032
6962181067,04-12-2016,10199,50,14,189,796,1994
6962181067,4/13/2016,5652,8,24,142,548,1718
6962181067,4/14/2016,1551,0,0,86,862,1466
6962181067,4/15/2016,5563,0,0,217,837,1756
6962181067,4/16/2016,13217,50,3,280,741,2173
6962181067,4/17/2016,10145,5,13,295,634,2027
6962181067,4/18/2016,11404,13,42,238,689,2039
6962181067,4/19/2016,10742,35,41,195,659,2046
6962181067,4/20/2016,13928,48,4,297,639,2174
6962181067,4/21/2016,11835,53,27,214,708,2179
6962181067,4/22/2016,10725,30,33,240,659,2086
6962181067,4/23/2016,20031,58,41,347,484,2571
6962181067,4/24/2016,5029,0,0,199,720,1705
6962181067,4/25/2016,13239,35,31,282,637,2194
6962181067,4/26/2016,10433,36,7,254,680,2012
6962181067,4/27/2016,10320,7,38,279,697,2034
6962181067,4/28/2016,12627,38,8,288,621,2182
6962181067,4/29/2016,10762,12,15,369,645,2254
6962181067,4/30/2016,10081,32,16,237,731,2002
6962181067,05-01-2016,5454,0,0,215,722,1740
6962181067,05-02-2016,12912,18,39,313,655,2162
6962181067,05-03-2016,12109,21,36,267,654,2072
6962181067,05-04-2016,10147,15,36,284,683,2086
6962181067,05-05-2016,10524,14,22,305,591,2066
6962181067,05-06-2016,5908,0,0,299,717,1850
6962181067,05-07-2016,6815,0,0,328,745,1947
6962181067,05-08-2016,4188,0,14,151,709,1659
6962181067,05-09-2016,12342,43,21,231,607,2105
6962181067,05-10-2016,15448,62,34,275,626,2361
6962181067,05-11-2016,6722,24,7,199,709,1855
6962181067,05-12-2016,3587,0,8,105,127,928
7007744171,04-12-2016,14172,53,8,355,1024,2937
7007744171,4/13/2016,12862,56,22,261,1101,2742
7007744171,4/14/2016,11179,34,6,304,1096,2668
7007744171,4/15/2016,5273,0,0,202,1238,2098
7007744171,4/16/2016,4631,0,0,203,1155,2076
7007744171,4/17/2016,8059,0,0,305,1135,2383
7007744171,4/18/2016,14816,48,31,284,1077,2832
7007744171,4/19/2016,14194,53,17,304,1066,2812
7007744171,4/20/2016,15566,60,33,347,1000,3096
7007744171,4/21/2016,13744,30,34,327,1049,2763
7007744171,4/22/2016,15299,64,50,261,1065,2889
7007744171,4/23/2016,8093,2,25,223,1190,2284
7007744171,4/24/2016,11085,0,0,419,1021,2667
7007744171,4/25/2016,18229,51,24,379,986,3055
7007744171,4/26/2016,15090,16,22,424,978,2939
7007744171,4/27/2016,13541,50,12,337,1041,2830
7007744171,4/28/2016,15128,16,16,401,1007,2836
7007744171,4/29/2016,20067,55,42,382,961,3180
7007744171,4/30/2016,3761,0,0,200,1240,2051
7007744171,05-01-2016,5600,0,0,237,1142,2225
7007744171,05-02-2016,13041,64,14,250,1112,2642
7007744171,05-03-2016,14510,58,31,330,1021,2976
7007744171,05-04-2016,0,0,0,0,1440,1557
7007744171,05-05-2016,15010,53,23,317,1047,2933
7007744171,05-06-2016,11459,44,13,247,1136,2553
7007744171,05-07-2016,0,0,0,0,111,120
7086361926,04-12-2016,11317,59,6,153,745,2772
7086361926,4/13/2016,5813,31,26,155,744,2516
7086361926,4/14/2016,9123,35,32,189,787,2734
7086361926,4/15/2016,8585,30,21,139,864,2395
7086361926,4/16/2016,31,0,0,3,1437,1635
7086361926,4/17/2016,0,0,0,0,1440,1629
7086361926,4/18/2016,9827,61,51,114,1136,2743
7086361926,4/19/2016,10688,67,69,124,671,2944
7086361926,4/20/2016,14365,87,13,145,797,2997
7086361926,4/21/2016,9469,19,6,206,758,2463
7086361926,4/22/2016,9753,58,59,153,762,2846
7086361926,4/23/2016,2817,0,0,90,1350,1965
7086361926,4/24/2016,3520,0,0,125,566,2049
7086361926,4/25/2016,10091,69,39,129,706,2752
7086361926,4/26/2016,10387,70,33,132,726,2781
7086361926,4/27/2016,11107,55,6,145,829,2693
7086361926,4/28/2016,11584,54,48,161,810,2862
7086361926,4/29/2016,7881,24,36,182,1198,2616
7086361926,4/30/2016,14560,42,17,308,584,2995
7086361926,05-01-2016,12390,30,15,258,685,2730
7086361926,05-02-2016,10052,66,26,139,737,2754
7086361926,05-03-2016,10288,57,36,152,761,2754
7086361926,05-04-2016,10988,45,12,135,843,2655
7086361926,05-05-2016,8564,24,14,149,1253,2386
7086361926,05-06-2016,12461,84,35,154,834,2924
7086361926,05-07-2016,12827,20,42,209,621,2739
7086361926,05-08-2016,10677,32,27,147,695,2534
7086361926,05-09-2016,13566,67,50,171,743,2960
7086361926,05-10-2016,14433,72,23,106,1182,2800
7086361926,05-11-2016,9572,57,40,128,757,2735
7086361926,05-12-2016,3789,5,4,58,343,1199
8053475328,04-12-2016,18060,116,8,123,1193,3186
8053475328,4/13/2016,16433,95,12,156,1177,3140
8053475328,4/14/2016,20159,119,5,193,1123,3411
8053475328,4/15/2016,20669,132,8,158,1142,3410
8053475328,4/16/2016,14549,96,6,83,1255,2867
8053475328,4/17/2016,18827,111,21,195,1113,3213
8053475328,4/18/2016,17076,102,6,195,1137,3133
8053475328,4/19/2016,15929,90,7,191,1152,3114
8053475328,4/20/2016,15108,89,5,158,695,3043
8053475328,4/21/2016,16057,100,6,170,1164,3103
8053475328,4/22/2016,10520,60,3,117,1260,2655
8053475328,4/23/2016,22359,125,14,223,741,3554
8053475328,4/24/2016,22988,129,33,182,1096,3577
8053475328,4/25/2016,20500,118,9,209,1104,3403
8053475328,4/26/2016,12685,68,5,185,1182,2846
8053475328,4/27/2016,12422,60,10,183,1187,2852
8053475328,4/28/2016,15447,90,9,153,1188,3062
8053475328,4/29/2016,12315,58,8,159,1215,2794
8053475328,4/30/2016,7135,27,1,131,1281,2408
8053475328,05-01-2016,1170,0,0,51,1389,1886
8053475328,05-02-2016,1969,0,0,95,1345,1988
8053475328,05-03-2016,15484,87,22,165,1166,3023
8053475328,05-04-2016,14581,89,8,123,1220,2918
8053475328,05-05-2016,14990,93,9,130,1208,2950
8053475328,05-06-2016,13953,90,15,90,1245,2859
8053475328,05-07-2016,19769,121,20,148,1076,3331
8053475328,05-08-2016,22026,125,14,228,1073,3589
8053475328,05-09-2016,12465,66,12,148,1214,2765
8053475328,05-10-2016,14810,96,10,115,1219,2926
8053475328,05-11-2016,12209,60,7,184,1189,2809
8053475328,05-12-2016,4998,28,4,39,839,1505
8253242879,04-12-2016,9033,40,2,154,1244,2044
8253242879,4/13/2016,8053,35,11,96,1298,1935
8253242879,4/14/2016,5234,29,16,33,1362,1705
8253242879,4/15/2016,2672,0,0,105,1335,1632
8253242879,4/16/2016,9256,6,51,115,1268,1880
8253242879,4/17/2016,10204,41,5,157,1237,2112
8253242879,4/18/2016,5151,16,16,130,1278,1829
8253242879,4/19/2016,4212,0,0,164,1276,1763
8253242879,4/20/2016,6466,5,18,216,1201,1931
8253242879,4/21/2016,11268,49,20,172,1199,2218
8253242879,4/22/2016,2824,0,0,120,1320,1651
8253242879,4/23/2016,9282,30,26,191,1193,2132
8253242879,4/24/2016,8905,41,4,82,1313,1976
8253242879,4/25/2016,6829,7,54,118,1261,1909
8253242879,4/26/2016,4562,19,14,108,1299,1813
8253242879,4/27/2016,10232,45,5,104,1286,2008
8253242879,4/28/2016,2718,11,16,20,1393,1580
8253242879,4/29/2016,6260,16,14,136,1257,1854
8253242879,4/30/2016,0,0,0,0,1440,0
8378563200,04-12-2016,7626,65,15,156,723,3635
8378563200,4/13/2016,12386,116,14,169,680,4079
8378563200,4/14/2016,13318,123,21,174,699,4163
8378563200,4/15/2016,14461,60,23,190,729,3666
8378563200,4/16/2016,11207,64,21,142,563,3363
8378563200,4/17/2016,2132,0,0,93,599,2572
8378563200,4/18/2016,13630,117,10,174,720,4157
8378563200,4/19/2016,13070,120,19,154,737,4092
8378563200,4/20/2016,9388,82,8,169,763,3787
8378563200,4/21/2016,15148,137,16,145,677,4236
8378563200,4/22/2016,12200,113,12,159,769,4044
8378563200,4/23/2016,5709,19,10,136,740,2908
8378563200,4/24/2016,3703,0,0,135,734,2741
8378563200,4/25/2016,12405,117,16,141,692,4005
8378563200,4/26/2016,16208,90,18,161,593,3763
8378563200,4/27/2016,7359,4,4,192,676,3061
8378563200,4/28/2016,5417,11,10,139,711,2884
8378563200,4/29/2016,6175,3,7,172,767,2982
8378563200,4/30/2016,2946,0,0,121,780,2660
8378563200,05-01-2016,11419,71,10,127,669,3369
8378563200,05-02-2016,6064,63,4,142,802,3491
8378563200,05-03-2016,8712,71,20,195,822,3784
8378563200,05-04-2016,7875,19,10,167,680,3110
8378563200,05-05-2016,8567,66,3,214,764,3783
8378563200,05-06-2016,7045,74,5,166,831,3644
8378563200,05-07-2016,4468,0,0,158,851,2799
8378563200,05-08-2016,2943,0,0,139,621,2685
8378563200,05-09-2016,8382,71,13,171,772,3721
8378563200,05-10-2016,6582,63,13,152,840,3586
8378563200,05-11-2016,9143,72,10,184,763,3788
8378563200,05-12-2016,4561,8,6,102,433,1976
8583815059,04-12-2016,5014,0,7,196,1237,2650
8583815059,4/13/2016,5571,2,23,163,1252,2654
8583815059,4/14/2016,3135,0,0,134,1306,2443
8583815059,4/15/2016,3430,0,0,65,1375,2505
8583815059,4/16/2016,5319,0,0,0,1440,2693
8583815059,4/17/2016,3008,0,0,0,1440,2439
8583815059,4/18/2016,3864,4,22,105,1309,2536
8583815059,4/19/2016,5697,7,10,166,1257,2668
8583815059,4/20/2016,5273,0,27,167,1246,2647
8583815059,4/21/2016,8538,35,18,158,1229,2883
8583815059,4/22/2016,8687,4,54,212,1170,2944
8583815059,4/23/2016,9423,7,44,238,1151,3012
8583815059,4/24/2016,8286,2,44,206,1188,2889
8583815059,4/25/2016,4503,18,6,122,1294,2547
8583815059,4/26/2016,10499,1,91,214,1134,3093
8583815059,4/27/2016,12474,77,5,129,1229,3142
8583815059,4/28/2016,6174,0,28,203,1209,2757
8583815059,4/29/2016,15168,46,67,258,1069,3513
8583815059,4/30/2016,10085,2,28,317,1093,3164
8583815059,05-01-2016,4512,10,2,117,1311,2596
8583815059,05-02-2016,8469,0,0,0,1440,2894
8583815059,05-03-2016,12015,0,0,0,1440,3212
8583815059,05-04-2016,3588,0,0,0,1440,2516
8583815059,05-05-2016,12427,0,0,70,1370,3266
8583815059,05-06-2016,5843,2,22,166,1250,2683
8583815059,05-07-2016,6117,0,0,250,1190,2810
8583815059,05-08-2016,9217,3,72,182,1183,2940
8583815059,05-09-2016,9877,66,4,110,1260,2947
8583815059,05-10-2016,8240,9,43,162,1226,2846
8583815059,05-11-2016,8701,5,71,177,1106,2804
8583815059,05-12-2016,0,0,0,0,1440,0
8792009665,04-12-2016,2564,0,0,116,831,2044
8792009665,4/13/2016,1320,0,0,82,806,1934
8792009665,4/14/2016,1219,0,0,84,853,1963
8792009665,4/15/2016,2483,0,0,126,937,2009
8792009665,4/16/2016,244,0,0,12,1428,1721
8792009665,4/17/2016,0,0,0,0,1440,1688
8792009665,4/18/2016,0,0,0,0,1440,1688
8792009665,4/19/2016,0,0,0,0,1440,1688
8792009665,4/20/2016,3147,0,10,139,744,2188
8792009665,4/21/2016,144,0,0,9,1431,1720
8792009665,4/22/2016,4068,1,20,195,817,2419
8792009665,4/23/2016,5245,8,45,232,795,2748
8792009665,4/24/2016,400,3,8,19,1410,1799
8792009665,4/25/2016,0,0,0,0,1440,1688
8792009665,4/26/2016,1321,0,0,80,1360,1928
8792009665,4/27/2016,1758,0,0,112,900,2067
8792009665,4/28/2016,6157,0,0,310,714,2780
8792009665,4/29/2016,8360,6,14,380,634,3101
8792009665,4/30/2016,7174,10,20,301,749,2896
8792009665,05-01-2016,1619,0,0,79,834,1962
8792009665,05-02-2016,1831,0,0,101,916,2015
8792009665,05-03-2016,2421,0,0,156,739,2297
8792009665,05-04-2016,2283,0,0,129,848,2067
8792009665,05-05-2016,0,0,0,0,1440,1688
8792009665,05-06-2016,0,0,0,0,1440,1688
8792009665,05-07-2016,0,0,0,0,1440,1688
8792009665,05-08-2016,0,0,0,0,1440,1688
8792009665,05-09-2016,0,0,0,0,1440,1688
8792009665,05-10-2016,0,0,0,0,48,57
8877689391,04-12-2016,23186,85,7,312,1036,3921
8877689391,4/13/2016,15337,108,18,216,1098,3566
8877689391,4/14/2016,21129,68,13,298,1061,3793
8877689391,4/15/2016,13422,106,1,281,1052,3934
8877689391,4/16/2016,29326,94,29,429,888,4547
8877689391,4/17/2016,15118,58,15,307,1060,3545
8877689391,4/18/2016,11423,29,5,191,1215,2761
8877689391,4/19/2016,18785,82,13,214,1131,3676
8877689391,4/20/2016,19948,73,19,225,1123,3679
8877689391,4/21/2016,19377,82,13,226,1119,3659
8877689391,4/22/2016,18258,61,2,236,1141,3427
8877689391,4/23/2016,11200,102,6,300,1032,3891
8877689391,4/24/2016,16674,64,1,227,1148,3455
8877689391,4/25/2016,12986,113,8,218,1101,3802
8877689391,4/26/2016,11101,22,3,258,1157,2860
8877689391,4/27/2016,23629,93,8,235,1104,3808
8877689391,4/28/2016,14890,58,8,231,1143,3060
8877689391,4/29/2016,9733,18,5,210,1207,2698
8877689391,4/30/2016,27745,124,4,223,1089,4398
8877689391,05-01-2016,10930,36,12,166,1226,2786
8877689391,05-02-2016,4790,0,0,105,1335,2189
8877689391,05-03-2016,10818,19,3,229,1189,2817
8877689391,05-04-2016,18193,66,8,212,1154,3477
8877689391,05-05-2016,14055,67,15,188,1170,3052
8877689391,05-06-2016,21727,96,17,232,1095,4015
8877689391,05-07-2016,12332,105,28,271,1036,4142
8877689391,05-08-2016,10686,17,4,245,1174,2847
8877689391,05-09-2016,20226,73,19,217,1131,3710
8877689391,05-10-2016,10733,18,11,224,1187,2832
8877689391,05-11-2016,21420,88,12,213,1127,3832
8877689391,05-12-2016,8064,23,1,137,770,1849
